tile_id,class_l1_l3,class_l4,collision_l1_l3,collision_l4,passable_table,destructible,special,notes
$000,passable,passable,passable,passable,yes,no,no,
$001,passable,passable,passable,passable,yes,no,no,
$002,passable,passable,passable,passable,yes,no,no,
$003,passable,passable,passable,passable,yes,no,no,
$004,passable,passable,passable,passable,yes,no,no,
$005,passable,passable,passable,passable,yes,no,no,
$006,passable,passable,passable,passable,yes,no,no,
$007,solid,solid,solid,solid,no,no,no,
$008,passable,passable,passable,passable,yes,no,no,
$009,solid,solid,solid,solid,no,no,no,
$00A,passable,passable,passable,passable,yes,no,no,
$00B,passable,passable,passable,passable,yes,no,no,
$00C,solid,solid,solid,solid,no,no,no,
$00D,solid,solid,solid,solid,no,no,no,
$00E,passable,passable,passable,passable,yes,no,no,
$00F,solid,solid,solid,solid,no,no,no,
$010,solid,solid,solid,solid,no,no,no,
$011,solid,solid,solid,solid,no,no,no,
$012,solid,solid,solid,solid,no,no,no,
$013,solid,solid,solid,solid,no,no,no,
$014,solid,solid,solid,solid,no,no,no,
$015,solid,solid,solid,solid,no,no,no,
$016,solid,solid,solid,solid,no,no,no,
$017,solid,solid,solid,solid,no,no,no,
$018,solid,solid,solid,solid,no,no,no,
$019,solid,solid,solid,solid,no,no,no,
$01A,solid,solid,solid,solid,no,no,no,
$01B,solid,solid,solid,solid,no,no,no,
$01C,solid,solid,solid,solid,no,no,no,
$01D,solid,solid,solid,solid,no,no,no,
$01E,solid,solid,solid,solid,no,no,no,
$01F,solid,solid,solid,solid,no,no,no,
$020,solid,solid,solid,solid,no,no,no,
$021,solid,solid,solid,solid,no,no,no,
$022,solid,solid,solid,solid,no,no,no,
$023,solid,solid,solid,solid,no,no,no,
$024,solid,solid,solid,solid,no,no,no,
$025,solid,solid,solid,solid,no,no,no,
$026,solid,solid,solid,solid,no,no,no,
$027,solid,solid,solid,solid,no,no,no,
$028,solid,solid,solid,solid,no,no,no,
$029,solid,solid,solid,solid,no,no,no,
$02A,solid,solid,solid,solid,no,no,no,
$02B,special,special,special / runtime-controlled,special / runtime-controlled,no,no,yes,Special/control value; the room loader performs extra runtime handling.
$02C,solid,solid,solid,solid,no,no,no,
$02D,solid,solid,solid,solid,no,no,no,
$02E,solid,solid,solid,solid,no,no,no,
$02F,solid,solid,solid,solid,no,no,no,
$030,solid,solid,solid,solid,no,no,no,
$031,solid,solid,solid,solid,no,no,no,
$032,solid,solid,solid,solid,no,no,no,
$033,solid,solid,solid,solid,no,no,no,
$034,solid,solid,solid,solid,no,no,no,
$035,solid,solid,solid,solid,no,no,no,
$036,solid,solid,solid,solid,no,no,no,
$037,solid,solid,solid,solid,no,no,no,
$038,solid,solid,solid,solid,no,no,no,
$039,solid,solid,solid,solid,no,no,no,
$03A,solid,solid,solid,solid,no,no,no,
$03B,solid,solid,solid,solid,no,no,no,
$03C,solid,solid,solid,solid,no,no,no,
$03D,solid,solid,solid,solid,no,no,no,
$03E,solid,solid,solid,solid,no,no,no,
$03F,solid,solid,solid,solid,no,no,no,
$040,solid,solid,solid,solid,no,no,no,
$041,solid,solid,solid,solid,no,no,no,
$042,solid,solid,solid,solid,no,no,no,
$043,solid,solid,solid,solid,no,no,no,
$044,passable,passable,passable,passable,yes,no,no,
$045,passable,passable,passable,passable,yes,no,no,
$046,passable,passable,passable,passable,yes,no,no,
$047,passable,passable,passable,passable,yes,no,no,
$048,passable,passable,passable,passable,yes,no,no,
$049,passable,passable,passable,passable,yes,no,no,
$04A,passable,passable,passable,passable,yes,no,no,
$04B,passable,passable,passable,passable,yes,no,no,
$04C,passable,passable,passable,passable,yes,no,no,
$04D,passable,passable,passable,passable,yes,no,no,
$04E,passable,passable,passable,passable,yes,no,no,
$04F,solid,solid,solid,solid,no,no,no,
$050,solid,solid,solid,solid,no,no,no,
$051,solid,solid,solid,solid,no,no,no,
$052,solid,solid,solid,solid,no,no,no,
$053,solid,solid,solid,solid,no,no,no,
$054,solid,solid,solid,solid,no,no,no,
$055,solid,solid,solid,solid,no,no,no,
$056,solid,solid,solid,solid,no,no,no,
$057,solid,solid,solid,solid,no,no,no,
$058,solid,solid,solid,solid,no,no,no,
$059,solid,solid,solid,solid,no,no,no,
$05A,solid,solid,solid,solid,no,no,no,
$05B,solid,solid,solid,solid,no,no,no,
$05C,destructible,destructible,solid,solid,no,yes,no,
$05D,destructible,destructible,solid,solid,no,yes,no,
$05E,destructible,destructible,solid,solid,no,yes,no,
$05F,destructible,destructible,solid,solid,no,yes,no,
$060,solid,solid,solid,solid,no,no,no,
$061,solid,solid,solid,solid,no,no,no,
$062,destructible,destructible,solid,solid,no,yes,no,
$063,destructible,destructible,solid,solid,no,yes,no,
$064,destructible,destructible,solid,solid,no,yes,no,
$065,destructible,destructible,solid,solid,no,yes,no,
$066,destructible,destructible,solid,solid,no,yes,no,
$067,solid,solid,solid,solid,no,no,no,
$068,destructible,destructible,solid,solid,no,yes,no,
$069,destructible,destructible,solid,solid,no,yes,no,
$06A,solid,solid,solid,solid,no,no,no,
$06B,destructible,destructible,solid,solid,no,yes,no,
$06C,solid,solid,solid,solid,no,no,no,
$06D,solid,solid,solid,solid,no,no,no,
$06E,solid,solid,solid,solid,no,no,no,
$06F,solid,solid,solid,solid,no,no,no,
$070,solid,solid,solid,solid,no,no,no,
$071,solid,solid,solid,solid,no,no,no,
$072,solid,solid,solid,solid,no,no,no,
$073,solid,solid,solid,solid,no,no,no,
$074,solid,solid,solid,solid,no,no,no,
$075,solid,solid,solid,solid,no,no,no,
$076,solid,solid,solid,solid,no,no,no,
$077,solid,solid,solid,solid,no,no,no,
$078,solid,solid,solid,solid,no,no,no,
$079,solid,solid,solid,solid,no,no,no,
$07A,solid,solid,solid,solid,no,no,no,
$07B,solid,solid,solid,solid,no,no,no,
$07C,solid,solid,solid,solid,no,no,no,
$07D,solid,solid,solid,solid,no,no,no,
$07E,solid,solid,solid,solid,no,no,no,
$07F,solid,solid,solid,solid,no,no,no,
$080,solid,solid,solid,solid,no,no,no,
$081,solid,solid,solid,solid,no,no,no,
$082,solid,solid,solid,solid,no,no,no,
$083,solid,solid,solid,solid,no,no,no,
$084,solid,solid,solid,solid,no,no,no,
$085,solid,solid,solid,solid,no,no,no,
$086,solid,solid,solid,solid,no,no,no,
$087,solid,solid,solid,solid,no,no,no,
$088,solid,solid,solid,solid,no,no,no,
$089,solid,solid,solid,solid,no,no,no,
$08A,solid,solid,solid,solid,no,no,no,
$08B,solid,solid,solid,solid,no,no,no,
$08C,solid,solid,solid,solid,no,no,no,
$08D,solid,solid,solid,solid,no,no,no,
$08E,solid,solid,solid,solid,no,no,no,
$08F,solid,solid,solid,solid,no,no,no,
$090,solid,solid,solid,solid,no,no,no,
$091,solid,solid,solid,solid,no,no,no,
$092,solid,solid,solid,solid,no,no,no,
$093,solid,solid,solid,solid,no,no,no,
$094,solid,solid,solid,solid,no,no,no,
$095,solid,solid,solid,solid,no,no,no,
$096,solid,solid,solid,solid,no,no,no,
$097,solid,solid,solid,solid,no,no,no,
$098,solid,solid,solid,solid,no,no,no,
$099,solid,solid,solid,solid,no,no,no,
$09A,passable,passable,passable,passable,yes,no,no,
$09B,passable,passable,passable,passable,yes,no,no,
$09C,passable,passable,passable,passable,yes,no,no,
$09D,solid,solid,solid,solid,no,no,no,
$09E,solid,solid,solid,solid,no,no,no,
$09F,special,special,special / runtime-controlled,special / runtime-controlled,no,no,yes,Special/control value; the room loader performs extra runtime handling.
$0A0,solid,solid,solid,solid,no,no,no,
$0A1,solid,solid,solid,solid,no,no,no,
$0A2,solid,solid,solid,solid,no,no,no,
$0A3,solid,solid,solid,solid,no,no,no,
$0A4,solid,solid,solid,solid,no,no,no,
$0A5,solid,solid,solid,solid,no,no,no,
$0A6,solid,solid,solid,solid,no,no,no,
$0A7,solid,solid,solid,solid,no,no,no,
$0A8,solid,solid,solid,solid,no,no,no,
$0A9,solid,solid,solid,solid,no,no,no,
$0AA,solid,solid,solid,solid,no,no,no,
$0AB,solid,solid,solid,solid,no,no,no,
$0AC,solid,solid,solid,solid,no,no,no,
$0AD,solid,solid,solid,solid,no,no,no,
$0AE,solid,solid,solid,solid,no,no,no,
$0AF,solid,solid,solid,solid,no,no,no,
$0B0,solid,solid,solid,solid,no,no,no,
$0B1,solid,solid,solid,solid,no,no,no,
$0B2,solid,solid,solid,solid,no,no,no,
$0B3,solid,solid,solid,solid,no,no,no,
$0B4,solid,solid,solid,solid,no,no,no,
$0B5,solid,solid,solid,solid,no,no,no,
$0B6,solid,solid,solid,solid,no,no,no,
$0B7,solid,solid,solid,solid,no,no,no,
$0B8,solid,solid,solid,solid,no,no,no,
$0B9,solid,solid,solid,solid,no,no,no,
$0BA,solid,solid,solid,solid,no,no,no,
$0BB,solid,solid,solid,solid,no,no,no,
$0BC,solid,solid,solid,solid,no,no,no,
$0BD,solid,solid,solid,solid,no,no,no,
$0BE,solid,solid,solid,solid,no,no,no,
$0BF,solid,solid,solid,solid,no,no,no,
$0C0,solid,solid,solid,solid,no,no,no,
$0C1,solid,solid,solid,solid,no,no,no,
$0C2,solid,solid,solid,solid,no,no,no,
$0C3,solid,solid,solid,solid,no,no,no,
$0C4,solid,solid,solid,solid,no,no,no,
$0C5,solid,solid,solid,solid,no,no,no,
$0C6,solid,solid,solid,solid,no,no,no,
$0C7,solid,solid,solid,solid,no,no,no,
$0C8,solid,solid,solid,solid,no,no,no,
$0C9,solid,solid,solid,solid,no,no,no,
$0CA,solid,solid,solid,solid,no,no,no,
$0CB,solid,solid,solid,solid,no,no,no,
$0CC,solid,solid,solid,solid,no,no,no,
$0CD,solid,solid,solid,solid,no,no,no,
$0CE,solid,solid,solid,solid,no,no,no,
$0CF,solid,solid,solid,solid,no,no,no,
$0D0,solid,solid,solid,solid,no,no,no,
$0D1,solid,solid,solid,solid,no,no,no,
$0D2,solid,solid,solid,solid,no,no,no,
$0D3,solid,solid,solid,solid,no,no,no,
$0D4,solid,solid,solid,solid,no,no,no,
$0D5,solid,solid,solid,solid,no,no,no,
$0D6,solid,solid,solid,solid,no,no,no,
$0D7,solid,solid,solid,solid,no,no,no,
$0D8,solid,solid,solid,solid,no,no,no,
$0D9,solid,solid,solid,solid,no,no,no,
$0DA,solid,solid,solid,solid,no,no,no,
$0DB,solid,solid,solid,solid,no,no,no,
$0DC,solid,solid,solid,solid,no,no,no,
$0DD,solid,solid,solid,solid,no,no,no,
$0DE,solid,solid,solid,solid,no,no,no,
$0DF,solid,solid,solid,solid,no,no,no,
$0E0,solid,solid,solid,solid,no,no,no,
$0E1,solid,solid,solid,solid,no,no,no,
$0E2,solid,solid,solid,solid,no,no,no,
$0E3,solid,solid,solid,solid,no,no,no,
$0E4,solid,solid,solid,solid,no,no,no,
$0E5,solid,solid,solid,solid,no,no,no,
$0E6,solid,solid,solid,solid,no,no,no,
$0E7,solid,solid,solid,solid,no,no,no,
$0E8,solid,solid,solid,solid,no,no,no,
$0E9,solid,solid,solid,solid,no,no,no,
$0EA,solid,solid,solid,solid,no,no,no,
$0EB,solid,solid,solid,solid,no,no,no,
$0EC,solid,solid,solid,solid,no,no,no,
$0ED,destructible,destructible,solid,solid,no,yes,no,
$0EE,solid,solid,solid,solid,no,no,no,
$0EF,solid,solid,solid,solid,no,no,no,
$0F0,solid,solid,solid,solid,no,no,no,
$0F1,solid,solid,solid,solid,no,no,no,
$0F2,solid,solid,solid,solid,no,no,no,
$0F3,solid,solid,solid,solid,no,no,no,
$0F4,solid,solid,solid,solid,no,no,no,
$0F5,solid,solid,solid,solid,no,no,no,
$0F6,solid,solid,solid,solid,no,no,no,
$0F7,solid,solid,solid,solid,no,no,no,
$0F8,solid,solid,solid,solid,no,no,no,
$0F9,solid,solid,solid,solid,no,no,no,
$0FA,solid,solid,solid,solid,no,no,no,
$0FB,solid,solid,solid,solid,no,no,no,
$0FC,solid,solid,solid,solid,no,no,no,
$0FD,solid,solid,solid,solid,no,no,no,
$0FE,solid,solid,solid,solid,no,no,no,
$0FF,solid,solid,solid,solid,no,no,no,
$100,solid,solid,solid,solid,no,no,no,
$101,solid,solid,solid,solid,no,no,no,
$102,solid,solid,solid,solid,no,no,no,
$103,solid,solid,solid,solid,no,no,no,
$104,solid,solid,solid,solid,no,no,no,
$105,solid,solid,solid,solid,no,no,no,
$106,solid,solid,solid,solid,no,no,no,
$107,solid,solid,solid,solid,no,no,no,
$108,solid,solid,solid,solid,no,no,no,
$109,solid,solid,solid,solid,no,no,no,
$10A,solid,solid,solid,solid,no,no,no,
$10B,solid,solid,solid,solid,no,no,no,
$10C,solid,solid,solid,solid,no,no,no,
$10D,solid,solid,solid,solid,no,no,no,
$10E,solid,solid,solid,solid,no,no,no,
$10F,solid,solid,solid,solid,no,no,no,
$110,solid,solid,solid,solid,no,no,no,
$111,solid,solid,solid,solid,no,no,no,
$112,solid,solid,solid,solid,no,no,no,
$113,solid,solid,solid,solid,no,no,no,
$114,solid,solid,solid,solid,no,no,no,
$115,solid,solid,solid,solid,no,no,no,
$116,destructible,destructible,passable,passable,yes,yes,no,
$117,destructible,destructible,solid,solid,no,yes,no,
$118,destructible,destructible,solid,solid,no,yes,no,
$119,destructible,destructible,passable,passable,yes,yes,no,
$11A,destructible,destructible,passable,passable,yes,yes,no,
$11B,solid,solid,solid,solid,no,no,no,
$11C,solid,solid,solid,solid,no,no,no,
$11D,destructible,destructible,passable,passable,yes,yes,no,
$11E,destructible,destructible,passable,passable,yes,yes,no,
$11F,solid,solid,solid,solid,no,no,no,
$120,solid,solid,solid,solid,no,no,no,
$121,solid,solid,solid,solid,no,no,no,
$122,solid,solid,solid,solid,no,no,no,
$123,solid,solid,solid,solid,no,no,no,
$124,solid,solid,solid,solid,no,no,no,
$125,solid,solid,solid,solid,no,no,no,
$126,solid,solid,solid,solid,no,no,no,
$127,solid,solid,solid,solid,no,no,no,
$128,solid,solid,solid,solid,no,no,no,
$129,solid,solid,solid,solid,no,no,no,
$12A,solid,solid,solid,solid,no,no,no,
$12B,solid,solid,solid,solid,no,no,no,
$12C,solid,solid,solid,solid,no,no,no,
$12D,solid,solid,solid,solid,no,no,no,
$12E,solid,solid,solid,solid,no,no,no,
$12F,solid,solid,solid,solid,no,no,no,
$130,solid,solid,solid,solid,no,no,no,
$131,solid,solid,solid,solid,no,no,no,
$132,solid,solid,solid,solid,no,no,no,
$133,solid,solid,solid,solid,no,no,no,
$134,solid,solid,solid,solid,no,no,no,
$135,solid,solid,solid,solid,no,no,no,
$136,solid,solid,solid,solid,no,no,no,
$137,solid,solid,solid,solid,no,no,no,
$138,solid,solid,solid,solid,no,no,no,
$139,solid,solid,solid,solid,no,no,no,
$13A,solid,solid,solid,solid,no,no,no,
$13B,solid,solid,solid,solid,no,no,no,
$13C,solid,solid,solid,solid,no,no,no,
$13D,solid,solid,solid,solid,no,no,no,
$13E,solid,solid,solid,solid,no,no,no,
$13F,solid,solid,solid,solid,no,no,no,
$140,solid,solid,solid,solid,no,no,no,
$141,solid,solid,solid,solid,no,no,no,
$142,solid,solid,solid,solid,no,no,no,
$143,passable,passable,passable,passable,yes,no,no,
$144,solid,solid,solid,solid,no,no,no,
$145,solid,solid,solid,solid,no,no,no,
$146,solid,solid,solid,solid,no,no,no,
$147,solid,solid,solid,solid,no,no,no,
$148,solid,solid,solid,solid,no,no,no,
$149,solid,solid,solid,solid,no,no,no,
$14A,solid,solid,solid,solid,no,no,no,
$14B,solid,solid,solid,solid,no,no,no,
$14C,solid,solid,solid,solid,no,no,no,
$14D,solid,solid,solid,solid,no,no,no,
$14E,solid,solid,solid,solid,no,no,no,
$14F,solid,solid,solid,solid,no,no,no,
$150,solid,solid,solid,solid,no,no,no,
$151,solid,solid,solid,solid,no,no,no,
$152,solid,solid,solid,solid,no,no,no,
$153,solid,solid,solid,solid,no,no,no,
$154,solid,solid,solid,solid,no,no,no,
$155,solid,solid,solid,solid,no,no,no,
$156,solid,solid,solid,solid,no,no,no,
$157,solid,solid,solid,solid,no,no,no,
$158,solid,solid,solid,solid,no,no,no,
$159,solid,solid,solid,solid,no,no,no,
$15A,solid,solid,solid,solid,no,no,no,
$15B,solid,solid,solid,solid,no,no,no,
$15C,solid,solid,solid,solid,no,no,no,
$15D,solid,solid,solid,solid,no,no,no,
$15E,solid,solid,solid,solid,no,no,no,
$15F,solid,solid,solid,solid,no,no,no,
$160,solid,solid,solid,solid,no,no,no,
$161,solid,solid,solid,solid,no,no,no,
$162,solid,solid,solid,solid,no,no,no,
$163,solid,solid,solid,solid,no,no,no,
$164,solid,solid,solid,solid,no,no,no,
$165,solid,solid,solid,solid,no,no,no,
$166,solid,solid,solid,solid,no,no,no,
$167,solid,solid,solid,solid,no,no,no,
$168,solid,solid,solid,solid,no,no,no,
$169,solid,solid,solid,solid,no,no,no,
$16A,solid,solid,solid,solid,no,no,no,
$16B,solid,solid,solid,solid,no,no,no,
$16C,solid,solid,solid,solid,no,no,no,
$16D,solid,solid,solid,solid,no,no,no,
$16E,solid,solid,solid,solid,no,no,no,
$16F,solid,solid,solid,solid,no,no,no,
$170,solid,solid,solid,solid,no,no,no,
$171,solid,solid,solid,solid,no,no,no,
$172,solid,solid,solid,solid,no,no,no,
$173,solid,solid,solid,solid,no,no,no,
$174,solid,solid,solid,solid,no,no,no,
$175,solid,solid,solid,solid,no,no,no,
$176,solid,solid,solid,solid,no,no,no,
$177,solid,solid,solid,solid,no,no,no,
$178,solid,solid,solid,solid,no,no,no,
$179,solid,solid,solid,solid,no,no,no,
$17A,solid,solid,solid,solid,no,no,no,
$17B,solid,solid,solid,solid,no,no,no,
$17C,solid,solid,solid,solid,no,no,no,
$17D,solid,solid,solid,solid,no,no,no,
$17E,solid,solid,solid,solid,no,no,no,
$17F,solid,solid,solid,solid,no,no,no,
$180,solid,solid,solid,solid,no,no,no,
$181,solid,solid,solid,solid,no,no,no,
$182,solid,solid,solid,solid,no,no,no,
$183,solid,solid,solid,solid,no,no,no,
$184,solid,solid,solid,solid,no,no,no,
$185,solid,solid,solid,solid,no,no,no,
$186,solid,solid,solid,solid,no,no,no,
$187,solid,solid,solid,solid,no,no,no,
$188,solid,solid,solid,solid,no,no,no,
$189,solid,solid,solid,solid,no,no,no,
$18A,solid,solid,solid,solid,no,no,no,
$18B,solid,solid,solid,solid,no,no,no,
$18C,solid,solid,solid,solid,no,no,no,
$18D,solid,solid,solid,solid,no,no,no,
$18E,solid,solid,solid,solid,no,no,no,
$18F,solid,solid,solid,solid,no,no,no,
$190,solid,solid,solid,solid,no,no,no,
$191,solid,solid,solid,solid,no,no,no,
$192,solid,solid,solid,solid,no,no,no,
$193,solid,solid,solid,solid,no,no,no,
$194,solid,solid,solid,solid,no,no,no,
$195,solid,solid,solid,solid,no,no,no,
$196,solid,solid,solid,solid,no,no,no,
$197,solid,solid,solid,solid,no,no,no,
$198,solid,solid,solid,solid,no,no,no,
$199,solid,solid,solid,solid,no,no,no,
$19A,solid,solid,solid,solid,no,no,no,
$19B,solid,solid,solid,solid,no,no,no,
$19C,solid,solid,solid,solid,no,no,no,
$19D,solid,solid,solid,solid,no,no,no,
$19E,solid,solid,solid,solid,no,no,no,
$19F,solid,solid,solid,solid,no,no,no,
$1A0,solid,solid,solid,solid,no,no,no,
$1A1,solid,solid,solid,solid,no,no,no,
$1A2,solid,solid,solid,solid,no,no,no,
$1A3,solid,solid,solid,solid,no,no,no,
$1A4,solid,solid,solid,solid,no,no,no,
$1A5,solid,solid,solid,solid,no,no,no,
$1A6,solid,solid,solid,solid,no,no,no,
$1A7,solid,solid,solid,solid,no,no,no,
$1A8,solid,solid,solid,solid,no,no,no,
$1A9,solid,solid,solid,solid,no,no,no,
$1AA,solid,solid,solid,solid,no,no,no,
$1AB,solid,solid,solid,solid,no,no,no,
$1AC,solid,solid,solid,solid,no,no,no,
$1AD,solid,solid,solid,solid,no,no,no,
$1AE,solid,solid,solid,solid,no,no,no,
$1AF,solid,solid,solid,solid,no,no,no,
$1B0,solid,solid,solid,solid,no,no,no,
$1B1,solid,solid,solid,solid,no,no,no,
$1B2,solid,solid,solid,solid,no,no,no,
$1B3,solid,solid,solid,solid,no,no,no,
$1B4,solid,solid,solid,solid,no,no,no,
$1B5,solid,solid,solid,solid,no,no,no,
$1B6,solid,solid,solid,solid,no,no,no,
$1B7,solid,solid,solid,solid,no,no,no,
$1B8,solid,solid,solid,solid,no,no,no,
$1B9,solid,solid,solid,solid,no,no,no,
$1BA,solid,solid,solid,solid,no,no,no,
$1BB,solid,solid,solid,solid,no,no,no,
$1BC,solid,solid,solid,solid,no,no,no,
$1BD,solid,solid,solid,solid,no,no,no,
$1BE,solid,solid,solid,solid,no,no,no,
$1BF,solid,solid,solid,solid,no,no,no,
$1C0,solid,solid,solid,solid,no,no,no,
$1C1,solid,solid,solid,solid,no,no,no,
$1C2,solid,solid,solid,solid,no,no,no,
$1C3,solid,solid,solid,solid,no,no,no,
$1C4,solid,solid,solid,solid,no,no,no,
$1C5,solid,solid,solid,solid,no,no,no,
$1C6,solid,solid,solid,solid,no,no,no,
$1C7,solid,solid,solid,solid,no,no,no,
$1C8,solid,solid,solid,solid,no,no,no,
$1C9,solid,solid,solid,solid,no,no,no,
$1CA,solid,solid,solid,solid,no,no,no,
$1CB,solid,solid,solid,solid,no,no,no,
$1CC,solid,solid,solid,solid,no,no,no,
$1CD,solid,solid,solid,solid,no,no,no,
$1CE,solid,solid,solid,solid,no,no,no,
$1CF,solid,solid,solid,solid,no,no,no,
$1D0,solid,solid,solid,solid,no,no,no,
$1D1,solid,solid,solid,solid,no,no,no,
$1D2,solid,solid,solid,solid,no,no,no,
$1D3,solid,solid,solid,solid,no,no,no,
$1D4,solid,solid,solid,solid,no,no,no,
$1D5,special,special,passable,passable,yes,no,yes,Special/control value; the room loader performs extra runtime handling.
$1D6,passable,passable,passable,passable,yes,no,no,
$1D7,passable,passable,passable,passable,yes,no,no,
$1D8,passable,passable,passable,passable,yes,no,no,
$1D9,passable,passable,passable,passable,yes,no,no,
$1DA,passable,passable,passable,passable,yes,no,no,
$1DB,passable,passable,passable,passable,yes,no,no,
$1DC,passable,passable,passable,passable,yes,no,no,
$1DD,passable,passable,passable,passable,yes,no,no,
$1DE,passable,passable,passable,passable,yes,no,no,
$1DF,solid,solid,solid,solid,no,no,no,
$1E0,special,special,special / runtime-controlled,special / runtime-controlled,no,no,yes,Special/control value; the room loader performs extra runtime handling.
$1E1,special,special,special / runtime-controlled,special / runtime-controlled,no,no,yes,Special/control value; the room loader performs extra runtime handling.
$1E2,special,special,special / runtime-controlled,special / runtime-controlled,no,no,yes,Special/control value; the room loader performs extra runtime handling.
$1E3,special,special,special / runtime-controlled,special / runtime-controlled,no,no,yes,Special/control value; the room loader performs extra runtime handling.
$1E4,special,special,special / runtime-controlled,special / runtime-controlled,no,no,yes,Special/control value; the room loader performs extra runtime handling.
$1E5,special,special,special / runtime-controlled,special / runtime-controlled,no,no,yes,Special/control value; the room loader performs extra runtime handling.
$1E6,special,special,special / runtime-controlled,special / runtime-controlled,no,no,yes,Special/control value; the room loader performs extra runtime handling.
$1E7,special,special,special / runtime-controlled,special / runtime-controlled,no,no,yes,Special/control value; the room loader performs extra runtime handling.
$1E8,special,special,special / runtime-controlled,special / runtime-controlled,no,no,yes,Special/control value; the room loader performs extra runtime handling.
$1E9,special,special,special / runtime-controlled,special / runtime-controlled,no,no,yes,Special/control value; the room loader performs extra runtime handling.
$1EA,solid,solid,solid,solid,no,no,no,
$1EB,solid,solid,solid,solid,no,no,no,
$1EC,solid,solid,solid,solid,no,no,no,
$1ED,solid,solid,solid,solid,no,no,no,
$1EE,solid,solid,solid,solid,no,no,no,
$1EF,solid,solid,solid,solid,no,no,no,
$1F0,special,special,special / runtime-controlled,special / runtime-controlled,no,no,yes,Special/control value; the room loader performs extra runtime handling.
$1F1,special,special,special / runtime-controlled,special / runtime-controlled,no,no,yes,Special/control value; the room loader performs extra runtime handling.
$1F2,special,special,special / runtime-controlled,special / runtime-controlled,no,no,yes,Special/control value; the room loader performs extra runtime handling.
$1F3,special,special,special / runtime-controlled,special / runtime-controlled,no,no,yes,Special/control value; the room loader performs extra runtime handling.
$1F4,special,special,special / runtime-controlled,special / runtime-controlled,no,no,yes,Special/control value; the room loader performs extra runtime handling.
$1F5,special,special,special / runtime-controlled,special / runtime-controlled,no,no,yes,Special/control value; the room loader performs extra runtime handling.
$1F6,special,special,special / runtime-controlled,special / runtime-controlled,no,no,yes,Special/control value; the room loader performs extra runtime handling.
$1F7,special,special,special / runtime-controlled,special / runtime-controlled,no,no,yes,Special/control value; the room loader performs extra runtime handling.
$1F8,special,special,special / runtime-controlled,special / runtime-controlled,no,no,yes,Special/control value; the room loader performs extra runtime handling.
$1F9,special,special,special / runtime-controlled,special / runtime-controlled,no,no,yes,Special/control value; the room loader performs extra runtime handling.
$1FA,special,special,special / runtime-controlled,special / runtime-controlled,no,no,yes,Special/control value; the room loader performs extra runtime handling.
$1FB,solid,solid,solid,solid,no,no,no,
$1FC,special,special,special / runtime-controlled,special / runtime-controlled,no,no,yes,Special/control value; the room loader performs extra runtime handling.
$1FD,special,special,special / runtime-controlled,special / runtime-controlled,no,no,yes,Special/control value; the room loader performs extra runtime handling.
$1FE,special,special,special / runtime-controlled,special / runtime-controlled,no,no,yes,Special/control value; the room loader performs extra runtime handling.
$1FF,special,special,special / runtime-controlled,special / runtime-controlled,no,no,yes,Special/control value; the room loader performs extra runtime handling.
$200,special,special,special / runtime-controlled,special / runtime-controlled,no,no,yes,Special/control value; the room loader performs extra runtime handling.
$201,solid,solid,solid,solid,no,no,no,
$202,solid,solid,solid,solid,no,no,no,
$203,solid,solid,solid,solid,no,no,no,
$204,solid,solid,solid,solid,no,no,no,
$205,solid,solid,solid,solid,no,no,no,
$206,solid,solid,solid,solid,no,no,no,
$207,solid,solid,solid,solid,no,no,no,
$208,solid,solid,solid,solid,no,no,no,
$209,solid,solid,solid,solid,no,no,no,
$20A,solid,solid,solid,solid,no,no,no,
$20B,solid,solid,solid,solid,no,no,no,
$20C,solid,solid,solid,solid,no,no,no,
$20D,solid,solid,solid,solid,no,no,no,
$20E,solid,solid,solid,solid,no,no,no,
$20F,solid,solid,solid,solid,no,no,no,
$210,destructible,destructible,solid,solid,no,yes,no,
$211,solid,solid,solid,solid,no,no,no,
$212,solid,solid,solid,solid,no,no,no,
$213,solid,solid,solid,solid,no,no,no,
$214,solid,solid,solid,solid,no,no,no,
$215,solid,solid,solid,solid,no,no,no,
$216,solid,solid,solid,solid,no,no,no,
$217,solid,solid,solid,solid,no,no,no,
$218,solid,solid,solid,solid,no,no,no,
$219,solid,solid,solid,solid,no,no,no,
$21A,solid,solid,solid,solid,no,no,no,
$21B,passable,passable,passable,passable,yes,no,no,
$21C,solid,solid,solid,solid,no,no,no,
$21D,solid,solid,solid,solid,no,no,no,
$21E,solid,solid,solid,solid,no,no,no,
$21F,solid,solid,solid,solid,no,no,no,
$220,solid,solid,solid,solid,no,no,no,
$221,solid,solid,solid,solid,no,no,no,
$222,solid,solid,solid,solid,no,no,no,
$223,solid,solid,solid,solid,no,no,no,
$224,solid,solid,solid,solid,no,no,no,
$225,solid,solid,solid,solid,no,no,no,
$226,solid,solid,solid,solid,no,no,no,
$227,solid,solid,solid,solid,no,no,no,
$228,solid,solid,solid,solid,no,no,no,
$229,solid,solid,solid,solid,no,no,no,
$22A,solid,solid,solid,solid,no,no,no,
$22B,solid,solid,solid,solid,no,no,no,
$22C,solid,solid,solid,solid,no,no,no,
$22D,solid,solid,solid,solid,no,no,no,
$22E,solid,solid,solid,solid,no,no,no,
$22F,solid,solid,solid,solid,no,no,no,
$230,solid,solid,solid,solid,no,no,no,
$231,solid,solid,solid,solid,no,no,no,
$232,destructible,destructible,solid,solid,no,yes,no,
$233,destructible,destructible,solid,solid,no,yes,no,
$234,destructible,destructible,solid,solid,no,yes,no,
$235,destructible,destructible,solid,solid,no,yes,no,
$236,destructible,destructible,solid,solid,no,yes,no,
$237,destructible,destructible,solid,solid,no,yes,no,
$238,solid,solid,solid,solid,no,no,no,
$239,solid,solid,solid,solid,no,no,no,
$23A,solid,solid,solid,solid,no,no,no,
$23B,solid,solid,solid,solid,no,no,no,
$23C,solid,solid,solid,solid,no,no,no,
$23D,solid,solid,solid,solid,no,no,no,
$23E,solid,solid,solid,solid,no,no,no,
$23F,solid,solid,solid,solid,no,no,no,
$240,solid,solid,solid,solid,no,no,no,
$241,solid,solid,solid,solid,no,no,no,
$242,destructible,destructible,solid,solid,no,yes,no,
$243,destructible,destructible,solid,solid,no,yes,no,
$244,destructible,destructible,solid,solid,no,yes,no,
$245,destructible,destructible,solid,solid,no,yes,no,
$246,solid,solid,solid,solid,no,no,no,
$247,solid,solid,solid,solid,no,no,no,
$248,solid,solid,solid,solid,no,no,no,
$249,solid,solid,solid,solid,no,no,no,
$24A,solid,solid,solid,solid,no,no,no,
$24B,solid,solid,solid,solid,no,no,no,
$24C,solid,solid,solid,solid,no,no,no,
$24D,special,special,special / runtime-controlled,special / runtime-controlled,no,no,yes,Special/control value; the room loader performs extra runtime handling.
$24E,special,special,special / runtime-controlled,special / runtime-controlled,no,no,yes,Special/control value; the room loader performs extra runtime handling.
$24F,special,special,special / runtime-controlled,special / runtime-controlled,no,no,yes,Special/control value; the room loader performs extra runtime handling.
$250,special,special,special / runtime-controlled,special / runtime-controlled,no,no,yes,Special/control value; the room loader performs extra runtime handling.
$251,special,special,special / runtime-controlled,special / runtime-controlled,no,no,yes,Special/control value; the room loader performs extra runtime handling.
$252,special,special,special / runtime-controlled,special / runtime-controlled,no,no,yes,Special/control value; the room loader performs extra runtime handling.
$253,special,special,special / runtime-controlled,special / runtime-controlled,no,no,yes,Special/control value; the room loader performs extra runtime handling.
$254,special,special,special / runtime-controlled,special / runtime-controlled,no,no,yes,Special/control value; the room loader performs extra runtime handling.
$255,special,special,special / runtime-controlled,special / runtime-controlled,no,no,yes,Special/control value; the room loader performs extra runtime handling.
$256,special,special,special / runtime-controlled,special / runtime-controlled,no,no,yes,Special/control value; the room loader performs extra runtime handling.
$257,special,hazard,passable,lethal / blocking in Level 4,yes,no,yes,"Animated energy field; passable in Levels 1-3, lethal in Level 4."
$258,special,hazard,passable,lethal / blocking in Level 4,yes,no,yes,"Animated energy field; passable in Levels 1-3, lethal in Level 4."
$259,special,hazard,passable,lethal / blocking in Level 4,yes,no,yes,"Animated energy field; passable in Levels 1-3, lethal in Level 4."
$25A,special,hazard,passable,lethal / blocking in Level 4,yes,no,yes,"Animated energy field; passable in Levels 1-3, lethal in Level 4."
$25B,special,hazard,passable,lethal / blocking in Level 4,yes,no,yes,"Animated energy field; passable in Levels 1-3, lethal in Level 4."
$25C,special,hazard,passable,lethal / blocking in Level 4,yes,no,yes,"Animated energy field; passable in Levels 1-3, lethal in Level 4."
$25D,special,hazard,passable,lethal / blocking in Level 4,yes,no,yes,"Animated energy field; passable in Levels 1-3, lethal in Level 4."
$25E,special,hazard,passable,lethal / blocking in Level 4,yes,no,yes,"Animated energy field; passable in Levels 1-3, lethal in Level 4."
$25F,special,special,special / runtime-controlled,special / runtime-controlled,no,no,yes,Special/control value; the room loader performs extra runtime handling.
$260,special,special,special / runtime-controlled,special / runtime-controlled,no,no,yes,Special/control value; the room loader performs extra runtime handling.
$261,special,special,special / runtime-controlled,special / runtime-controlled,no,no,yes,Special/control value; the room loader performs extra runtime handling.
$262,special,special,special / runtime-controlled,special / runtime-controlled,no,no,yes,Special/control value; the room loader performs extra runtime handling.
$263,special,special,special / runtime-controlled,special / runtime-controlled,no,no,yes,Special/control value; the room loader performs extra runtime handling.
$264,special,special,special / runtime-controlled,special / runtime-controlled,no,no,yes,Special/control value; the room loader performs extra runtime handling.
$265,special,special,special / runtime-controlled,special / runtime-controlled,no,no,yes,Special/control value; the room loader performs extra runtime handling.
$266,special,special,special / runtime-controlled,special / runtime-controlled,no,no,yes,Special/control value; the room loader performs extra runtime handling.
$267,special,special,special / runtime-controlled,special / runtime-controlled,no,no,yes,Special/control value; the room loader performs extra runtime handling.
$268,special,special,special / runtime-controlled,special / runtime-controlled,no,no,yes,Special/control value; the room loader performs extra runtime handling.
$269,special,special,special / runtime-controlled,special / runtime-controlled,no,no,yes,Special/control value; the room loader performs extra runtime handling.
$26A,special,special,special / runtime-controlled,special / runtime-controlled,no,no,yes,Special/control value; the room loader performs extra runtime handling.
$26B,special,special,special / runtime-controlled,special / runtime-controlled,no,no,yes,Special/control value; the room loader performs extra runtime handling.
$26C,special,special,special / runtime-controlled,special / runtime-controlled,no,no,yes,Special/control value; the room loader performs extra runtime handling.
$26D,special,special,special / runtime-controlled,special / runtime-controlled,no,no,yes,Special/control value; the room loader performs extra runtime handling.
$26E,special,special,special / runtime-controlled,special / runtime-controlled,no,no,yes,Special/control value; the room loader performs extra runtime handling.
$26F,solid,solid,solid,solid,no,no,no,
$270,solid,solid,solid,solid,no,no,no,
$271,solid,solid,solid,solid,no,no,no,
$272,solid,solid,solid,solid,no,no,no,
$273,solid,solid,solid,solid,no,no,no,
$274,solid,solid,solid,solid,no,no,no,
$275,solid,solid,solid,solid,no,no,no,
$276,solid,solid,solid,solid,no,no,no,
$277,solid,solid,solid,solid,no,no,no,
$278,solid,solid,solid,solid,no,no,no,
$279,solid,solid,solid,solid,no,no,no,
$27A,solid,solid,solid,solid,no,no,no,
$27B,solid,solid,solid,solid,no,no,no,
$27C,solid,solid,solid,solid,no,no,no,
$27D,solid,solid,solid,solid,no,no,no,
$27E,solid,solid,solid,solid,no,no,no,
$27F,solid,solid,solid,solid,no,no,no,
$280,solid,solid,solid,solid,no,no,no,
$281,solid,solid,solid,solid,no,no,no,
$282,solid,solid,solid,solid,no,no,no,
$283,solid,solid,solid,solid,no,no,no,
$284,solid,solid,solid,solid,no,no,no,
$285,solid,solid,solid,solid,no,no,no,
$286,solid,solid,solid,solid,no,no,no,
$287,solid,solid,solid,solid,no,no,no,
$288,solid,solid,solid,solid,no,no,no,
$289,solid,solid,solid,solid,no,no,no,
$28A,solid,solid,solid,solid,no,no,no,
$28B,solid,solid,solid,solid,no,no,no,
$28C,solid,solid,solid,solid,no,no,no,
$28D,solid,solid,solid,solid,no,no,no,
$28E,solid,solid,solid,solid,no,no,no,
$28F,solid,solid,solid,solid,no,no,no,
$290,solid,solid,solid,solid,no,no,no,
$291,solid,solid,solid,solid,no,no,no,
$292,solid,solid,solid,solid,no,no,no,
$293,solid,solid,solid,solid,no,no,no,
$294,solid,solid,solid,solid,no,no,no,
$295,solid,solid,solid,solid,no,no,no,
$296,solid,solid,solid,solid,no,no,no,
$297,solid,solid,solid,solid,no,no,no,
$298,solid,solid,solid,solid,no,no,no,
$299,solid,solid,solid,solid,no,no,no,
$29A,solid,solid,solid,solid,no,no,no,
$29B,solid,solid,solid,solid,no,no,no,
$29C,solid,solid,solid,solid,no,no,no,
$29D,solid,solid,solid,solid,no,no,no,
$29E,solid,solid,solid,solid,no,no,no,
$29F,solid,solid,solid,solid,no,no,no,
$2A0,solid,solid,solid,solid,no,no,no,
$2A1,solid,solid,solid,solid,no,no,no,
$2A2,solid,solid,solid,solid,no,no,no,
$2A3,solid,solid,solid,solid,no,no,no,
$2A4,solid,solid,solid,solid,no,no,no,
$2A5,solid,solid,solid,solid,no,no,no,
$2A6,solid,solid,solid,solid,no,no,no,
$2A7,solid,solid,solid,solid,no,no,no,
$2A8,solid,solid,solid,solid,no,no,no,
$2A9,solid,solid,solid,solid,no,no,no,
$2AA,solid,solid,solid,solid,no,no,no,
$2AB,solid,solid,solid,solid,no,no,no,
$2AC,solid,solid,solid,solid,no,no,no,
$2AD,solid,solid,solid,solid,no,no,no,
$2AE,solid,solid,solid,solid,no,no,no,
$2AF,solid,solid,solid,solid,no,no,no,
$2B0,solid,solid,solid,solid,no,no,no,
$2B1,solid,solid,solid,solid,no,no,no,
$2B2,solid,solid,solid,solid,no,no,no,
$2B3,solid,solid,solid,solid,no,no,no,
$2B4,solid,solid,solid,solid,no,no,no,
$2B5,solid,solid,solid,solid,no,no,no,
$2B6,solid,solid,solid,solid,no,no,no,
$2B7,solid,solid,solid,solid,no,no,no,
$2B8,solid,solid,solid,solid,no,no,no,
$2B9,solid,solid,solid,solid,no,no,no,
$2BA,solid,solid,solid,solid,no,no,no,
$2BB,solid,solid,solid,solid,no,no,no,
$2BC,solid,solid,solid,solid,no,no,no,
$2BD,solid,solid,solid,solid,no,no,no,
$2BE,solid,solid,solid,solid,no,no,no,
$2BF,solid,solid,solid,solid,no,no,no,
$2C0,solid,solid,solid,solid,no,no,no,
$2C1,solid,solid,solid,solid,no,no,no,
$2C2,solid,solid,solid,solid,no,no,no,
$2C3,solid,solid,solid,solid,no,no,no,
$2C4,solid,solid,solid,solid,no,no,no,
$2C5,solid,solid,solid,solid,no,no,no,
$2C6,solid,solid,solid,solid,no,no,no,
$2C7,solid,solid,solid,solid,no,no,no,
$2C8,solid,solid,solid,solid,no,no,no,
$2C9,solid,solid,solid,solid,no,no,no,
$2CA,solid,solid,solid,solid,no,no,no,
$2CB,solid,solid,solid,solid,no,no,no,
$2CC,solid,solid,solid,solid,no,no,no,
$2CD,solid,solid,solid,solid,no,no,no,
$2CE,solid,solid,solid,solid,no,no,no,
$2CF,solid,solid,solid,solid,no,no,no,
$2D0,solid,solid,solid,solid,no,no,no,
$2D1,solid,solid,solid,solid,no,no,no,
$2D2,solid,solid,solid,solid,no,no,no,
$2D3,solid,solid,solid,solid,no,no,no,
$2D4,solid,solid,solid,solid,no,no,no,
$2D5,solid,solid,solid,solid,no,no,no,
$2D6,passable,passable,passable,passable,yes,no,no,
$2D7,passable,passable,passable,passable,yes,no,no,
$2D8,passable,passable,passable,passable,yes,no,no,
$2D9,passable,passable,passable,passable,yes,no,no,
$2DA,passable,passable,passable,passable,yes,no,no,
$2DB,passable,passable,passable,passable,yes,no,no,
$2DC,passable,passable,passable,passable,yes,no,no,
$2DD,passable,passable,passable,passable,yes,no,no,
$2DE,passable,passable,passable,passable,yes,no,no,
$2DF,passable,passable,passable,passable,yes,no,no,
$2E0,passable,passable,passable,passable,yes,no,no,
$2E1,passable,passable,passable,passable,yes,no,no,
$2E2,special,special,special / runtime-controlled,special / runtime-controlled,no,no,yes,Special/control value; the room loader performs extra runtime handling.
$2E3,solid,solid,solid,solid,no,no,no,
$2E4,solid,solid,solid,solid,no,no,no,
$2E5,solid,solid,solid,solid,no,no,no,
$2E6,special,special,special / runtime-controlled,special / runtime-controlled,no,no,yes,Special/control value; the room loader performs extra runtime handling.
$2E7,solid,solid,solid,solid,no,no,no,
$2E8,solid,solid,solid,solid,no,no,no,
$2E9,solid,solid,solid,solid,no,no,no,
$2EA,solid,solid,solid,solid,no,no,no,
$2EB,solid,solid,solid,solid,no,no,no,
$2EC,solid,solid,solid,solid,no,no,no,
$2ED,solid,solid,solid,solid,no,no,no,
$2EE,special,special,special / runtime-controlled,special / runtime-controlled,no,no,yes,Special/control value; the room loader performs extra runtime handling.
$2EF,solid,solid,solid,solid,no,no,no,
$2F0,solid,solid,solid,solid,no,no,no,
$2F1,solid,solid,solid,solid,no,no,no,
$2F2,solid,solid,solid,solid,no,no,no,
$2F3,solid,solid,solid,solid,no,no,no,
$2F4,solid,solid,solid,solid,no,no,no,
$2F5,solid,solid,solid,solid,no,no,no,
$2F6,solid,solid,solid,solid,no,no,no,
$2F7,solid,solid,solid,solid,no,no,no,
$2F8,solid,solid,solid,solid,no,no,no,
$2F9,solid,solid,solid,solid,no,no,no,
$2FA,solid,solid,solid,solid,no,no,no,
$2FB,solid,solid,solid,solid,no,no,no,
$2FC,solid,solid,solid,solid,no,no,no,
$2FD,solid,solid,solid,solid,no,no,no,
$2FE,solid,solid,solid,solid,no,no,no,
$2FF,solid,solid,solid,solid,no,no,no,
$300,destructible,destructible,special / runtime-controlled,special / runtime-controlled,no,yes,yes,Special/control value; the room loader performs extra runtime handling.
$301,solid,solid,solid,solid,no,no,no,
$302,solid,solid,solid,solid,no,no,no,
$303,solid,solid,solid,solid,no,no,no,
$304,solid,solid,solid,solid,no,no,no,
$305,solid,solid,solid,solid,no,no,no,
$306,solid,solid,solid,solid,no,no,no,
$307,solid,solid,solid,solid,no,no,no,
$308,solid,solid,solid,solid,no,no,no,
$309,solid,solid,solid,solid,no,no,no,
$30A,solid,solid,solid,solid,no,no,no,
$30B,solid,solid,solid,solid,no,no,no,
$30C,destructible,destructible,special / runtime-controlled,special / runtime-controlled,no,yes,yes,Special/control value; the room loader performs extra runtime handling.
$30D,destructible,destructible,passable,passable,yes,yes,no,
$30E,destructible,destructible,passable,passable,yes,yes,no,
$30F,destructible,destructible,passable,passable,yes,yes,no,
$310,solid,solid,solid,solid,no,no,no,
$311,solid,solid,solid,solid,no,no,no,
$312,solid,solid,solid,solid,no,no,no,
$313,solid,solid,solid,solid,no,no,no,
$314,solid,solid,solid,solid,no,no,no,
$315,solid,solid,solid,solid,no,no,no,
$316,solid,solid,solid,solid,no,no,no,
$317,solid,solid,solid,solid,no,no,no,
$318,solid,solid,solid,solid,no,no,no,
$319,solid,solid,solid,solid,no,no,no,
$31A,solid,solid,solid,solid,no,no,no,
$31B,solid,solid,solid,solid,no,no,no,
$31C,special,special,special / runtime-controlled,special / runtime-controlled,no,no,yes,two-cell source pair; runtime animates the pair
$31D,solid,solid,solid,solid,no,no,no,Required partner cell for the $31C fixed cannon.
$31E,solid,solid,solid,solid,no,no,no,
$31F,solid,solid,solid,solid,no,no,no,
$320,solid,solid,solid,solid,no,no,no,
$321,solid,solid,solid,solid,no,no,no,
$322,solid,solid,solid,solid,no,no,no,
$323,solid,solid,solid,solid,no,no,no,
$324,special,special,special / runtime-controlled,special / runtime-controlled,no,no,yes,Special/control value; the room loader performs extra runtime handling.
$325,special,special,special / runtime-controlled,special / runtime-controlled,no,no,yes,Special/control value; the room loader performs extra runtime handling.
$326,solid,solid,solid,solid,no,no,no,Left-most body cell of the $329 right-facing gun.
$327,solid,solid,solid,solid,no,no,no,Body cell of the $329 right-facing gun.
$328,solid,solid,solid,solid,no,no,no,Body cell immediately left of the $329 right-facing gun controller/tip.
$329,special,special,special / runtime-controlled,special / runtime-controlled,no,no,yes,four-cell source strip; all $329 guns share fire timer $3FF2C
$32A,solid,solid,solid,solid,no,no,no,
$32B,solid,solid,solid,solid,no,no,no,
$32C,solid,solid,solid,solid,no,no,no,
$32D,solid,solid,solid,solid,no,no,no,
$32E,solid,solid,solid,solid,no,no,no,
$32F,solid,solid,solid,solid,no,no,no,
$330,solid,solid,solid,solid,no,no,no,
$331,solid,solid,solid,solid,no,no,no,
$332,solid,solid,solid,solid,no,no,no,
$333,solid,solid,solid,solid,no,no,no,
$334,solid,solid,solid,solid,no,no,no,
$335,solid,solid,solid,solid,no,no,no,
$336,solid,solid,solid,solid,no,no,no,
$337,solid,solid,solid,solid,no,no,no,
$338,solid,solid,solid,solid,no,no,no,
$339,solid,solid,solid,solid,no,no,no,
$33A,solid,solid,solid,solid,no,no,no,
$33B,solid,solid,solid,solid,no,no,no,
$33C,solid,solid,solid,solid,no,no,no,
$33D,solid,solid,solid,solid,no,no,no,
$33E,solid,solid,solid,solid,no,no,no,
$33F,solid,solid,solid,solid,no,no,no,
$340,solid,solid,solid,solid,no,no,no,
$341,solid,solid,solid,solid,no,no,no,
$342,solid,solid,solid,solid,no,no,no,
$343,solid,solid,solid,solid,no,no,no,
$344,solid,solid,solid,solid,no,no,no,
$345,solid,solid,solid,solid,no,no,no,
$346,special,special,special / runtime-controlled,special / runtime-controlled,no,no,yes,four-cell source strip; one original instance uses $359 end-cap; all $346 guns share fire timer $3FF2A
$347,solid,solid,solid,solid,no,no,no,Body cell immediately right of the $346 left-facing gun controller/tip.
$348,solid,solid,solid,solid,no,no,no,Body cell of the $346 left-facing gun.
$349,solid,solid,solid,solid,no,no,no,Normal right-most body/end cell of the $346 left-facing gun.
$34A,solid,solid,solid,solid,no,no,no,
$34B,solid,solid,solid,solid,no,no,no,
$34C,solid,solid,solid,solid,no,no,no,
$34D,solid,solid,solid,solid,no,no,no,
$34E,solid,solid,solid,solid,no,no,no,
$34F,solid,solid,solid,solid,no,no,no,
$350,solid,solid,solid,solid,no,no,no,
$351,solid,solid,solid,solid,no,no,no,
$352,solid,solid,solid,solid,no,no,no,
$353,solid,solid,solid,solid,no,no,no,
$354,solid,solid,solid,solid,no,no,no,
$355,solid,solid,solid,solid,no,no,no,
$356,solid,solid,solid,solid,no,no,no,
$357,solid,solid,solid,solid,no,no,no,
$358,solid,solid,solid,solid,no,no,no,
$359,solid,solid,solid,solid,no,no,no,Original alternate end-cap seen on one $346 gun placement.
$35A,solid,solid,solid,solid,no,no,no,
$35B,solid,solid,solid,solid,no,no,no,
$35C,solid,solid,solid,solid,no,no,no,
$35D,solid,solid,solid,solid,no,no,no,
$35E,solid,solid,solid,solid,no,no,no,
$35F,solid,solid,solid,solid,no,no,no,
$360,solid,solid,solid,solid,no,no,no,
$361,solid,solid,solid,solid,no,no,no,
$362,solid,solid,solid,solid,no,no,no,
$363,solid,solid,solid,solid,no,no,no,
$364,solid,solid,solid,solid,no,no,no,
$365,solid,solid,solid,solid,no,no,no,
$366,solid,solid,solid,solid,no,no,no,
$367,solid,solid,solid,solid,no,no,no,
$368,solid,solid,solid,solid,no,no,no,
$369,solid,solid,solid,solid,no,no,no,
$36A,solid,solid,solid,solid,no,no,no,
$36B,solid,solid,solid,solid,no,no,no,
$36C,solid,solid,solid,solid,no,no,no,
$36D,solid,solid,solid,solid,no,no,no,
$36E,solid,solid,solid,solid,no,no,no,
$36F,solid,solid,solid,solid,no,no,no,
$370,solid,solid,solid,solid,no,no,no,
$371,solid,solid,solid,solid,no,no,no,
$372,solid,solid,solid,solid,no,no,no,
$373,solid,solid,solid,solid,no,no,no,
$374,solid,solid,solid,solid,no,no,no,
$375,solid,solid,solid,solid,no,no,no,
$376,solid,solid,solid,solid,no,no,no,
$377,solid,solid,solid,solid,no,no,no,
$378,solid,solid,solid,solid,no,no,no,
$379,solid,solid,solid,solid,no,no,no,
$37A,solid,solid,solid,solid,no,no,no,
$37B,solid,solid,solid,solid,no,no,no,
$37C,solid,solid,solid,solid,no,no,no,
$37D,solid,solid,solid,solid,no,no,no,
$37E,solid,solid,solid,solid,no,no,no,
$37F,solid,solid,solid,solid,no,no,no,
$380,solid,solid,solid,solid,no,no,no,
$381,solid,solid,solid,solid,no,no,no,
$382,solid,solid,solid,solid,no,no,no,
$383,solid,solid,solid,solid,no,no,no,
$384,solid,solid,solid,solid,no,no,no,
$385,solid,solid,solid,solid,no,no,no,
$386,solid,solid,solid,solid,no,no,no,
$387,solid,solid,solid,solid,no,no,no,
$388,solid,solid,solid,solid,no,no,no,
$389,solid,solid,solid,solid,no,no,no,
$38A,solid,solid,solid,solid,no,no,no,
$38B,solid,solid,solid,solid,no,no,no,
$38C,solid,solid,solid,solid,no,no,no,
$38D,solid,solid,solid,solid,no,no,no,
$38E,solid,solid,solid,solid,no,no,no,
$38F,solid,solid,solid,solid,no,no,no,
$390,solid,solid,solid,solid,no,no,no,
$391,solid,solid,solid,solid,no,no,no,
$392,solid,solid,solid,solid,no,no,no,
$393,solid,solid,solid,solid,no,no,no,
$394,solid,solid,solid,solid,no,no,no,
$395,solid,solid,solid,solid,no,no,no,
$396,solid,solid,solid,solid,no,no,no,
$397,solid,solid,solid,solid,no,no,no,
$398,solid,solid,solid,solid,no,no,no,
$399,solid,solid,solid,solid,no,no,no,
$39A,solid,solid,solid,solid,no,no,no,
$39B,solid,solid,solid,solid,no,no,no,
$39C,solid,solid,solid,solid,no,no,no,
$39D,solid,solid,solid,solid,no,no,no,
$39E,solid,solid,solid,solid,no,no,no,
$39F,solid,solid,solid,solid,no,no,no,
$3A0,solid,solid,solid,solid,no,no,no,
$3A1,solid,solid,solid,solid,no,no,no,
$3A2,solid,solid,solid,solid,no,no,no,
$3A3,solid,solid,solid,solid,no,no,no,
$3A4,solid,solid,solid,solid,no,no,no,
$3A5,solid,solid,solid,solid,no,no,no,
$3A6,solid,solid,solid,solid,no,no,no,
$3A7,solid,solid,solid,solid,no,no,no,
$3A8,solid,solid,solid,solid,no,no,no,
$3A9,solid,solid,solid,solid,no,no,no,
$3AA,solid,solid,solid,solid,no,no,no,
$3AB,solid,solid,solid,solid,no,no,no,
$3AC,solid,solid,solid,solid,no,no,no,
$3AD,solid,solid,solid,solid,no,no,no,
$3AE,solid,solid,solid,solid,no,no,no,
$3AF,solid,solid,solid,solid,no,no,no,
$3B0,solid,solid,solid,solid,no,no,no,
$3B1,solid,solid,solid,solid,no,no,no,
$3B2,solid,solid,solid,solid,no,no,no,
$3B3,solid,solid,solid,solid,no,no,no,
$3B4,solid,solid,solid,solid,no,no,no,
$3B5,solid,solid,solid,solid,no,no,no,
$3B6,solid,solid,solid,solid,no,no,no,
$3B7,solid,solid,solid,solid,no,no,no,
$3B8,solid,solid,solid,solid,no,no,no,
$3B9,solid,solid,solid,solid,no,no,no,
$3BA,solid,solid,solid,solid,no,no,no,
$3BB,solid,solid,solid,solid,no,no,no,
$3BC,solid,solid,solid,solid,no,no,no,
$3BD,solid,solid,solid,solid,no,no,no,
$3BE,solid,solid,solid,solid,no,no,no,
$3BF,solid,solid,solid,solid,no,no,no,
$3C0,solid,solid,solid,solid,no,no,no,
